Unknown - Stormcloud,84,94,105,2025-07-01 12:44:26
White - Mint Cream,248,253,251,2025-07-01 12:44:32
Unknown - Dark Gray,168,169,155,2025-07-01 12:44:37
Unknown - Outer Space,63,78,108,2025-07-01 12:44:43
Unknown - Slate Gray,123,129,145,2025-07-01 12:44:47
Unknown - Purple Taupe,71,66,72,2025-07-01 12:44:50
Gray - Charcoal,57,69,83,2025-07-01 12:46:45
Gray - Grullo,174,160,149,2025-07-01 12:46:53
Gray - Slate Gray,170,173,166,2025-07-01 12:46:58
Blue - Dark Electric Blue,64,86,118,2025-07-01 12:47:05
Gray - Purple Taupe,69,62,68,2025-07-01 12:47:09
Black - Smoky Black,28,11,9,2025-07-01 12:47:17
Gray - Languid Lavender,211,209,222,2025-07-01 12:47:24
Red - Rose Gold,192,111,120,2025-07-01 12:47:39
Gray - Dark Jungle Green,31,30,25,2025-07-15 12:20:26
Red - Wine,110,42,49,2025-07-15 12:20:34
White - Anti-Flash White,241,241,241,2025-07-15 12:20:39
Gray - Cinereous,153,136,134,2025-07-15 12:20:51
Gray - Dark Jungle Green,35,34,31,2025-07-15 12:21:01
Black - Black,6,6,6,2025-07-15 12:21:07
Gray - Dark Lava,65,53,49,2025-07-15 12:21:35
Red - Caput Mortuum,87,36,42,2025-07-15 12:21:46
White - Mint Cream,246,252,250,2025-07-15 12:21:57
Blue - Ucla Blue,73,100,145,2025-07-15 12:22:07
Gray - Black Leather Jacket,40,42,41,2025-07-15 12:22:13
